"Datum";"Naam / Omschrijving";"Rekening";"Tegenrekening";"Code";"Af Bij";"Bedrag (EUR)";"Mutatiesoort";"Mededelingen";"Saldo na mutatie";"Tag"
"20260424";"Werkgever B.V.";"NL01INGB0001234567";"NL20ABNA0123456789";"GT";"Bij";"3150,00";"Overschrijving";"Salaris 4-2026";"";""
"20260401";"Woonstichting De Key";"NL01INGB0001234567";"NL55RABO0300000001";"GT";"Af";"1185,00";"Incasso";"Huur";"";""
"20260402";"Vattenfall Klantenservice";"NL01INGB0001234567";"NL22INGB0000000002";"GT";"Af";"142,00";"Incasso";"Termijnbedrag energie";"";""
"20260403";"Zilveren Kruis Zorgverzekeringen";"NL01INGB0001234567";"NL33INGB0000000003";"GT";"Af";"151,25";"Incasso";"Premie";"";""
"20260404";"Odido Netherlands";"NL01INGB0001234567";"NL44INGB0000000004";"GT";"Af";"32,50";"Incasso";"Abonnement";"";""
"20260405";"Netflix International B.V.";"NL01INGB0001234567";"";"GT";"Af";"13,99";"Betaalautomaat";"";"";""
"20260405";"Spotify AB";"NL01INGB0001234567";"";"GT";"Af";"11,99";"Betaalautomaat";"";"";""
"20260406";"Basic-Fit Nederland";"NL01INGB0001234567";"NL55INGB0000000005";"GT";"Af";"29,99";"Incasso";"";"";""
"20260425";"Oranje Spaarrekening V7654321";"NL01INGB0001234567";"";"GT";"Af";"400,00";"Online bankieren";"Naar Oranje Spaarrekening";"";""
"20260426";"DEGIRO";"NL01INGB0001234567";"NL66FLOR0000000006";"GT";"Af";"300,00";"Online bankieren";"Storting DEGIRO";"";""
"20260415";"Waterschap Amstel Gooi en Vecht";"NL01INGB0001234567";"NL77INGB0000000007";"GT";"Af";"38,40";"Incasso";"";"";""
"20260401";"Albert Heijn 1234";"NL01INGB0001234567";"";"GT";"Af";"82,45";"Betaalautomaat";"Pasvolgnr 001";"";""
"20260408";"Jumbo Utrecht";"NL01INGB0001234567";"";"GT";"Af";"32,74";"Betaalautomaat";"Pasvolgnr 001";"";""
"20260420";"Lidl Utrecht";"NL01INGB0001234567";"";"GT";"Af";"55,29";"Betaalautomaat";"Pasvolgnr 001";"";""
"20260409";"Picnic";"NL01INGB0001234567";"";"GT";"Af";"70,64";"Betaalautomaat";"Pasvolgnr 001";"";""
"20260421";"Albert Heijn 1234";"NL01INGB0001234567";"";"GT";"Af";"56,00";"Betaalautomaat";"Pasvolgnr 001";"";""
"20260419";"Jumbo Utrecht";"NL01INGB0001234567";"";"GT";"Af";"62,51";"Betaalautomaat";"Pasvolgnr 001";"";""
"20260423";"Lidl Utrecht";"NL01INGB0001234567";"";"GT";"Af";"34,94";"Betaalautomaat";"Pasvolgnr 001";"";""
"20260411";"Picnic";"NL01INGB0001234567";"";"GT";"Af";"67,55";"Betaalautomaat";"Pasvolgnr 001";"";""
"20260419";"Albert Heijn 1234";"NL01INGB0001234567";"";"GT";"Af";"21,77";"Betaalautomaat";"Pasvolgnr 001";"";""
"20260419";"Thuisbezorgd.nl";"NL01INGB0001234567";"";"GT";"Af";"33,06";"Betaalautomaat";"";"";""
"20260425";"Cafe De Zaak";"NL01INGB0001234567";"";"GT";"Af";"48,33";"Betaalautomaat";"";"";""
"20260404";"Restaurant Lalibela";"NL01INGB0001234567";"";"GT";"Af";"35,09";"Betaalautomaat";"";"";""
"20260425";"Starbucks Utrecht";"NL01INGB0001234567";"";"GT";"Af";"42,98";"Betaalautomaat";"";"";""
"20260418";"bol.com";"NL01INGB0001234567";"";"GT";"Af";"66,97";"Online bankieren";"";"";""
"20260425";"Zalando SE";"NL01INGB0001234567";"";"GT";"Af";"96,75";"Online bankieren";"";"";""
"20260411";"HEMA";"NL01INGB0001234567";"";"GT";"Af";"45,18";"Online bankieren";"";"";""
"20260410";"NS GROEP IZ NS REIZIGERS";"NL01INGB0001234567";"";"GT";"Af";"93,49";"Incasso";"OV";"";""
"20260412";"Shell Utrecht";"NL01INGB0001234567";"";"GT";"Af";"61,65";"Betaalautomaat";"";"";""
"20260418";"Tikkie";"NL01INGB0001234567";"";"GT";"Bij";"22,50";"Overschrijving";"Tikkie etentje";"";""
"20260524";"Werkgever B.V.";"NL01INGB0001234567";"NL20ABNA0123456789";"GT";"Bij";"5500,00";"Overschrijving";"Salaris + vakantiegeld";"";""
"20260501";"Woonstichting De Key";"NL01INGB0001234567";"NL55RABO0300000001";"GT";"Af";"1185,00";"Incasso";"Huur";"";""
"20260502";"Vattenfall Klantenservice";"NL01INGB0001234567";"NL22INGB0000000002";"GT";"Af";"142,00";"Incasso";"Termijnbedrag energie";"";""
"20260503";"Zilveren Kruis Zorgverzekeringen";"NL01INGB0001234567";"NL33INGB0000000003";"GT";"Af";"151,25";"Incasso";"Premie";"";""
"20260504";"Odido Netherlands";"NL01INGB0001234567";"NL44INGB0000000004";"GT";"Af";"32,50";"Incasso";"Abonnement";"";""
"20260505";"Netflix International B.V.";"NL01INGB0001234567";"";"GT";"Af";"13,99";"Betaalautomaat";"";"";""
"20260505";"Spotify AB";"NL01INGB0001234567";"";"GT";"Af";"11,99";"Betaalautomaat";"";"";""
"20260506";"Basic-Fit Nederland";"NL01INGB0001234567";"NL55INGB0000000005";"GT";"Af";"29,99";"Incasso";"";"";""
"20260525";"Oranje Spaarrekening V7654321";"NL01INGB0001234567";"";"GT";"Af";"400,00";"Online bankieren";"Naar Oranje Spaarrekening";"";""
"20260526";"DEGIRO";"NL01INGB0001234567";"NL66FLOR0000000006";"GT";"Af";"300,00";"Online bankieren";"Storting DEGIRO";"";""
"20260515";"Waterschap Amstel Gooi en Vecht";"NL01INGB0001234567";"NL77INGB0000000007";"GT";"Af";"38,40";"Incasso";"";"";""
"20260505";"Albert Heijn 1234";"NL01INGB0001234567";"";"GT";"Af";"38,83";"Betaalautomaat";"Pasvolgnr 001";"";""
"20260512";"Jumbo Utrecht";"NL01INGB0001234567";"";"GT";"Af";"38,64";"Betaalautomaat";"Pasvolgnr 001";"";""
"20260526";"Lidl Utrecht";"NL01INGB0001234567";"";"GT";"Af";"57,02";"Betaalautomaat";"Pasvolgnr 001";"";""
"20260520";"Picnic";"NL01INGB0001234567";"";"GT";"Af";"79,45";"Betaalautomaat";"Pasvolgnr 001";"";""
"20260502";"Albert Heijn 1234";"NL01INGB0001234567";"";"GT";"Af";"37,14";"Betaalautomaat";"Pasvolgnr 001";"";""
"20260516";"Jumbo Utrecht";"NL01INGB0001234567";"";"GT";"Af";"53,62";"Betaalautomaat";"Pasvolgnr 001";"";""
"20260512";"Lidl Utrecht";"NL01INGB0001234567";"";"GT";"Af";"31,51";"Betaalautomaat";"Pasvolgnr 001";"";""
"20260525";"Picnic";"NL01INGB0001234567";"";"GT";"Af";"21,84";"Betaalautomaat";"Pasvolgnr 001";"";""
"20260510";"Albert Heijn 1234";"NL01INGB0001234567";"";"GT";"Af";"42,09";"Betaalautomaat";"Pasvolgnr 001";"";""
"20260518";"Thuisbezorgd.nl";"NL01INGB0001234567";"";"GT";"Af";"53,60";"Betaalautomaat";"";"";""
"20260514";"Cafe De Zaak";"NL01INGB0001234567";"";"GT";"Af";"19,45";"Betaalautomaat";"";"";""
"20260511";"Restaurant Lalibela";"NL01INGB0001234567";"";"GT";"Af";"24,76";"Betaalautomaat";"";"";""
"20260510";"Starbucks Utrecht";"NL01INGB0001234567";"";"GT";"Af";"31,08";"Betaalautomaat";"";"";""
"20260509";"Zalando SE";"NL01INGB0001234567";"";"GT";"Af";"62,85";"Online bankieren";"";"";""
"20260517";"HEMA";"NL01INGB0001234567";"";"GT";"Af";"35,99";"Online bankieren";"";"";""
"20260525";"Coolblue";"NL01INGB0001234567";"";"GT";"Af";"56,21";"Online bankieren";"";"";""
"20260510";"NS GROEP IZ NS REIZIGERS";"NL01INGB0001234567";"";"GT";"Af";"94,52";"Incasso";"OV";"";""
"20260512";"Shell Utrecht";"NL01INGB0001234567";"";"GT";"Af";"67,70";"Betaalautomaat";"";"";""
"20260518";"Tikkie";"NL01INGB0001234567";"";"GT";"Bij";"22,50";"Overschrijving";"Tikkie etentje";"";""
"20260624";"Werkgever B.V.";"NL01INGB0001234567";"NL20ABNA0123456789";"GT";"Bij";"3150,00";"Overschrijving";"Salaris 6-2026";"";""
"20260601";"Woonstichting De Key";"NL01INGB0001234567";"NL55RABO0300000001";"GT";"Af";"1185,00";"Incasso";"Huur";"";""
"20260602";"Vattenfall Klantenservice";"NL01INGB0001234567";"NL22INGB0000000002";"GT";"Af";"142,00";"Incasso";"Termijnbedrag energie";"";""
"20260603";"Zilveren Kruis Zorgverzekeringen";"NL01INGB0001234567";"NL33INGB0000000003";"GT";"Af";"151,25";"Incasso";"Premie";"";""
"20260604";"Odido Netherlands";"NL01INGB0001234567";"NL44INGB0000000004";"GT";"Af";"32,50";"Incasso";"Abonnement";"";""
"20260605";"Netflix International B.V.";"NL01INGB0001234567";"";"GT";"Af";"13,99";"Betaalautomaat";"";"";""
"20260605";"Spotify AB";"NL01INGB0001234567";"";"GT";"Af";"11,99";"Betaalautomaat";"";"";""
"20260606";"Basic-Fit Nederland";"NL01INGB0001234567";"NL55INGB0000000005";"GT";"Af";"29,99";"Incasso";"";"";""
"20260625";"Oranje Spaarrekening V7654321";"NL01INGB0001234567";"";"GT";"Af";"400,00";"Online bankieren";"Naar Oranje Spaarrekening";"";""
"20260626";"DEGIRO";"NL01INGB0001234567";"NL66FLOR0000000006";"GT";"Af";"300,00";"Online bankieren";"Storting DEGIRO";"";""
"20260615";"Waterschap Amstel Gooi en Vecht";"NL01INGB0001234567";"NL77INGB0000000007";"GT";"Af";"38,40";"Incasso";"";"";""
"20260618";"Albert Heijn 1234";"NL01INGB0001234567";"";"GT";"Af";"54,14";"Betaalautomaat";"Pasvolgnr 001";"";""
"20260614";"Jumbo Utrecht";"NL01INGB0001234567";"";"GT";"Af";"66,23";"Betaalautomaat";"Pasvolgnr 001";"";""
"20260626";"Lidl Utrecht";"NL01INGB0001234567";"";"GT";"Af";"45,77";"Betaalautomaat";"Pasvolgnr 001";"";""
"20260620";"Picnic";"NL01INGB0001234567";"";"GT";"Af";"35,58";"Betaalautomaat";"Pasvolgnr 001";"";""
"20260616";"Albert Heijn 1234";"NL01INGB0001234567";"";"GT";"Af";"42,54";"Betaalautomaat";"Pasvolgnr 001";"";""
"20260609";"Jumbo Utrecht";"NL01INGB0001234567";"";"GT";"Af";"45,40";"Betaalautomaat";"Pasvolgnr 001";"";""
"20260622";"Lidl Utrecht";"NL01INGB0001234567";"";"GT";"Af";"79,43";"Betaalautomaat";"Pasvolgnr 001";"";""
"20260603";"Picnic";"NL01INGB0001234567";"";"GT";"Af";"75,34";"Betaalautomaat";"Pasvolgnr 001";"";""
"20260603";"Albert Heijn 1234";"NL01INGB0001234567";"";"GT";"Af";"46,48";"Betaalautomaat";"Pasvolgnr 001";"";""
"20260605";"Thuisbezorgd.nl";"NL01INGB0001234567";"";"GT";"Af";"15,50";"Betaalautomaat";"";"";""
"20260627";"Cafe De Zaak";"NL01INGB0001234567";"";"GT";"Af";"21,90";"Betaalautomaat";"";"";""
"20260618";"Restaurant Lalibela";"NL01INGB0001234567";"";"GT";"Af";"18,49";"Betaalautomaat";"";"";""
"20260613";"Starbucks Utrecht";"NL01INGB0001234567";"";"GT";"Af";"38,68";"Betaalautomaat";"";"";""
"20260604";"HEMA";"NL01INGB0001234567";"";"GT";"Af";"97,97";"Online bankieren";"";"";""
"20260624";"Coolblue";"NL01INGB0001234567";"";"GT";"Af";"95,15";"Online bankieren";"";"";""
"20260624";"bol.com";"NL01INGB0001234567";"";"GT";"Af";"96,70";"Online bankieren";"";"";""
"20260610";"NS GROEP IZ NS REIZIGERS";"NL01INGB0001234567";"";"GT";"Af";"90,45";"Incasso";"OV";"";""
"20260612";"Shell Utrecht";"NL01INGB0001234567";"";"GT";"Af";"60,51";"Betaalautomaat";"";"";""
"20260609";"Belastingdienst";"NL01INGB0001234567";"NL86INGB0002445588";"GT";"Bij";"412,00";"Overschrijving";"Teruggaaf IB 2025";"";""
"20260618";"Tikkie";"NL01INGB0001234567";"";"GT";"Bij";"22,50";"Overschrijving";"Tikkie etentje";"";""
"20260724";"Werkgever B.V.";"NL01INGB0001234567";"NL20ABNA0123456789";"GT";"Bij";"3270,00";"Overschrijving";"Salaris 7-2026";"";""
"20260701";"Woonstichting De Key";"NL01INGB0001234567";"NL55RABO0300000001";"GT";"Af";"1185,00";"Incasso";"Huur";"";""
"20260702";"Vattenfall Klantenservice";"NL01INGB0001234567";"NL22INGB0000000002";"GT";"Af";"142,00";"Incasso";"Termijnbedrag energie";"";""
"20260703";"Zilveren Kruis Zorgverzekeringen";"NL01INGB0001234567";"NL33INGB0000000003";"GT";"Af";"151,25";"Incasso";"Premie";"";""
"20260704";"Odido Netherlands";"NL01INGB0001234567";"NL44INGB0000000004";"GT";"Af";"32,50";"Incasso";"Abonnement";"";""
"20260705";"Netflix International B.V.";"NL01INGB0001234567";"";"GT";"Af";"13,99";"Betaalautomaat";"";"";""
"20260705";"Spotify AB";"NL01INGB0001234567";"";"GT";"Af";"11,99";"Betaalautomaat";"";"";""
"20260706";"Basic-Fit Nederland";"NL01INGB0001234567";"NL55INGB0000000005";"GT";"Af";"29,99";"Incasso";"";"";""
"20260725";"Oranje Spaarrekening V7654321";"NL01INGB0001234567";"";"GT";"Af";"400,00";"Online bankieren";"Naar Oranje Spaarrekening";"";""
"20260726";"DEGIRO";"NL01INGB0001234567";"NL66FLOR0000000006";"GT";"Af";"300,00";"Online bankieren";"Storting DEGIRO";"";""
"20260715";"Waterschap Amstel Gooi en Vecht";"NL01INGB0001234567";"NL77INGB0000000007";"GT";"Af";"38,40";"Incasso";"";"";""
"20260701";"Albert Heijn 1234";"NL01INGB0001234567";"";"GT";"Af";"35,38";"Betaalautomaat";"Pasvolgnr 001";"";""
"20260703";"Jumbo Utrecht";"NL01INGB0001234567";"";"GT";"Af";"18,11";"Betaalautomaat";"Pasvolgnr 001";"";""
"20260717";"Lidl Utrecht";"NL01INGB0001234567";"";"GT";"Af";"34,20";"Betaalautomaat";"Pasvolgnr 001";"";""
"20260721";"Picnic";"NL01INGB0001234567";"";"GT";"Af";"52,26";"Betaalautomaat";"Pasvolgnr 001";"";""
"20260719";"Albert Heijn 1234";"NL01INGB0001234567";"";"GT";"Af";"34,66";"Betaalautomaat";"Pasvolgnr 001";"";""
"20260724";"Jumbo Utrecht";"NL01INGB0001234567";"";"GT";"Af";"34,46";"Betaalautomaat";"Pasvolgnr 001";"";""
"20260711";"Lidl Utrecht";"NL01INGB0001234567";"";"GT";"Af";"80,60";"Betaalautomaat";"Pasvolgnr 001";"";""
"20260704";"Picnic";"NL01INGB0001234567";"";"GT";"Af";"52,25";"Betaalautomaat";"Pasvolgnr 001";"";""
"20260701";"Albert Heijn 1234";"NL01INGB0001234567";"";"GT";"Af";"81,91";"Betaalautomaat";"Pasvolgnr 001";"";""
"20260718";"Thuisbezorgd.nl";"NL01INGB0001234567";"";"GT";"Af";"53,50";"Betaalautomaat";"";"";""
"20260701";"Cafe De Zaak";"NL01INGB0001234567";"";"GT";"Af";"52,50";"Betaalautomaat";"";"";""
"20260706";"Restaurant Lalibela";"NL01INGB0001234567";"";"GT";"Af";"55,59";"Betaalautomaat";"";"";""
"20260716";"Starbucks Utrecht";"NL01INGB0001234567";"";"GT";"Af";"42,57";"Betaalautomaat";"";"";""
"20260708";"Coolblue";"NL01INGB0001234567";"";"GT";"Af";"35,05";"Online bankieren";"";"";""
"20260706";"bol.com";"NL01INGB0001234567";"";"GT";"Af";"65,80";"Online bankieren";"";"";""
"20260702";"Zalando SE";"NL01INGB0001234567";"";"GT";"Af";"84,25";"Online bankieren";"";"";""
"20260710";"NS GROEP IZ NS REIZIGERS";"NL01INGB0001234567";"";"GT";"Af";"88,03";"Incasso";"OV";"";""
"20260712";"Shell Utrecht";"NL01INGB0001234567";"";"GT";"Af";"69,28";"Betaalautomaat";"";"";""
"20260714";"Booking.com";"NL01INGB0001234567";"";"GT";"Af";"640,00";"Online bankieren";"Hotel Porto";"";""
"20260718";"Tikkie";"NL01INGB0001234567";"";"GT";"Bij";"22,50";"Overschrijving";"Tikkie etentje";"";""
"20260824";"Werkgever B.V.";"NL01INGB0001234567";"NL20ABNA0123456789";"GT";"Bij";"3270,00";"Overschrijving";"Salaris 8-2026";"";""
"20260801";"Woonstichting De Key";"NL01INGB0001234567";"NL55RABO0300000001";"GT";"Af";"1185,00";"Incasso";"Huur";"";""
"20260802";"Vattenfall Klantenservice";"NL01INGB0001234567";"NL22INGB0000000002";"GT";"Af";"142,00";"Incasso";"Termijnbedrag energie";"";""
"20260803";"Zilveren Kruis Zorgverzekeringen";"NL01INGB0001234567";"NL33INGB0000000003";"GT";"Af";"151,25";"Incasso";"Premie";"";""
"20260804";"Odido Netherlands";"NL01INGB0001234567";"NL44INGB0000000004";"GT";"Af";"32,50";"Incasso";"Abonnement";"";""
"20260805";"Netflix International B.V.";"NL01INGB0001234567";"";"GT";"Af";"13,99";"Betaalautomaat";"";"";""
"20260805";"Spotify AB";"NL01INGB0001234567";"";"GT";"Af";"11,99";"Betaalautomaat";"";"";""
"20260806";"Basic-Fit Nederland";"NL01INGB0001234567";"NL55INGB0000000005";"GT";"Af";"29,99";"Incasso";"";"";""
"20260825";"Oranje Spaarrekening V7654321";"NL01INGB0001234567";"";"GT";"Af";"400,00";"Online bankieren";"Naar Oranje Spaarrekening";"";""
"20260826";"DEGIRO";"NL01INGB0001234567";"NL66FLOR0000000006";"GT";"Af";"300,00";"Online bankieren";"Storting DEGIRO";"";""
"20260815";"Waterschap Amstel Gooi en Vecht";"NL01INGB0001234567";"NL77INGB0000000007";"GT";"Af";"38,40";"Incasso";"";"";""
"20260814";"Albert Heijn 1234";"NL01INGB0001234567";"";"GT";"Af";"20,29";"Betaalautomaat";"Pasvolgnr 001";"";""
"20260803";"Jumbo Utrecht";"NL01INGB0001234567";"";"GT";"Af";"82,33";"Betaalautomaat";"Pasvolgnr 001";"";""
"20260804";"Lidl Utrecht";"NL01INGB0001234567";"";"GT";"Af";"66,15";"Betaalautomaat";"Pasvolgnr 001";"";""
"20260825";"Picnic";"NL01INGB0001234567";"";"GT";"Af";"20,59";"Betaalautomaat";"Pasvolgnr 001";"";""
"20260824";"Albert Heijn 1234";"NL01INGB0001234567";"";"GT";"Af";"78,30";"Betaalautomaat";"Pasvolgnr 001";"";""
"20260827";"Jumbo Utrecht";"NL01INGB0001234567";"";"GT";"Af";"84,80";"Betaalautomaat";"Pasvolgnr 001";"";""
"20260821";"Lidl Utrecht";"NL01INGB0001234567";"";"GT";"Af";"47,37";"Betaalautomaat";"Pasvolgnr 001";"";""
"20260807";"Picnic";"NL01INGB0001234567";"";"GT";"Af";"68,94";"Betaalautomaat";"Pasvolgnr 001";"";""
"20260824";"Albert Heijn 1234";"NL01INGB0001234567";"";"GT";"Af";"45,88";"Betaalautomaat";"Pasvolgnr 001";"";""
"20260807";"Thuisbezorgd.nl";"NL01INGB0001234567";"";"GT";"Af";"30,22";"Betaalautomaat";"";"";""
"20260824";"Cafe De Zaak";"NL01INGB0001234567";"";"GT";"Af";"37,14";"Betaalautomaat";"";"";""
"20260810";"Restaurant Lalibela";"NL01INGB0001234567";"";"GT";"Af";"39,97";"Betaalautomaat";"";"";""
"20260820";"Starbucks Utrecht";"NL01INGB0001234567";"";"GT";"Af";"27,08";"Betaalautomaat";"";"";""
"20260820";"bol.com";"NL01INGB0001234567";"";"GT";"Af";"53,05";"Online bankieren";"";"";""
"20260806";"Zalando SE";"NL01INGB0001234567";"";"GT";"Af";"43,05";"Online bankieren";"";"";""
"20260827";"HEMA";"NL01INGB0001234567";"";"GT";"Af";"104,47";"Online bankieren";"";"";""
"20260810";"NS GROEP IZ NS REIZIGERS";"NL01INGB0001234567";"";"GT";"Af";"85,30";"Incasso";"OV";"";""
"20260812";"Shell Utrecht";"NL01INGB0001234567";"";"GT";"Af";"72,44";"Betaalautomaat";"";"";""
"20260818";"Tikkie";"NL01INGB0001234567";"";"GT";"Bij";"22,50";"Overschrijving";"Tikkie etentje";"";""
"20260924";"Werkgever B.V.";"NL01INGB0001234567";"NL20ABNA0123456789";"GT";"Bij";"3270,00";"Overschrijving";"Salaris 9-2026";"";""
"20260901";"Woonstichting De Key";"NL01INGB0001234567";"NL55RABO0300000001";"GT";"Af";"1185,00";"Incasso";"Huur";"";""
"20260902";"Vattenfall Klantenservice";"NL01INGB0001234567";"NL22INGB0000000002";"GT";"Af";"142,00";"Incasso";"Termijnbedrag energie";"";""
"20260903";"Zilveren Kruis Zorgverzekeringen";"NL01INGB0001234567";"NL33INGB0000000003";"GT";"Af";"151,25";"Incasso";"Premie";"";""
"20260904";"Odido Netherlands";"NL01INGB0001234567";"NL44INGB0000000004";"GT";"Af";"32,50";"Incasso";"Abonnement";"";""
"20260905";"Netflix International B.V.";"NL01INGB0001234567";"";"GT";"Af";"13,99";"Betaalautomaat";"";"";""
"20260905";"Spotify AB";"NL01INGB0001234567";"";"GT";"Af";"11,99";"Betaalautomaat";"";"";""
"20260906";"Basic-Fit Nederland";"NL01INGB0001234567";"NL55INGB0000000005";"GT";"Af";"29,99";"Incasso";"";"";""
"20260925";"Oranje Spaarrekening V7654321";"NL01INGB0001234567";"";"GT";"Af";"400,00";"Online bankieren";"Naar Oranje Spaarrekening";"";""
"20260926";"DEGIRO";"NL01INGB0001234567";"NL66FLOR0000000006";"GT";"Af";"300,00";"Online bankieren";"Storting DEGIRO";"";""
"20260915";"Waterschap Amstel Gooi en Vecht";"NL01INGB0001234567";"NL77INGB0000000007";"GT";"Af";"38,40";"Incasso";"";"";""
"20260925";"Albert Heijn 1234";"NL01INGB0001234567";"";"GT";"Af";"31,97";"Betaalautomaat";"Pasvolgnr 001";"";""
"20260918";"Jumbo Utrecht";"NL01INGB0001234567";"";"GT";"Af";"27,48";"Betaalautomaat";"Pasvolgnr 001";"";""
"20260914";"Lidl Utrecht";"NL01INGB0001234567";"";"GT";"Af";"57,02";"Betaalautomaat";"Pasvolgnr 001";"";""
"20260921";"Picnic";"NL01INGB0001234567";"";"GT";"Af";"84,20";"Betaalautomaat";"Pasvolgnr 001";"";""
"20260914";"Albert Heijn 1234";"NL01INGB0001234567";"";"GT";"Af";"31,10";"Betaalautomaat";"Pasvolgnr 001";"";""
"20260913";"Jumbo Utrecht";"NL01INGB0001234567";"";"GT";"Af";"29,63";"Betaalautomaat";"Pasvolgnr 001";"";""
"20260918";"Lidl Utrecht";"NL01INGB0001234567";"";"GT";"Af";"54,52";"Betaalautomaat";"Pasvolgnr 001";"";""
"20260916";"Picnic";"NL01INGB0001234567";"";"GT";"Af";"53,47";"Betaalautomaat";"Pasvolgnr 001";"";""
"20260921";"Albert Heijn 1234";"NL01INGB0001234567";"";"GT";"Af";"43,37";"Betaalautomaat";"Pasvolgnr 001";"";""
"20260921";"Thuisbezorgd.nl";"NL01INGB0001234567";"";"GT";"Af";"13,17";"Betaalautomaat";"";"";""
"20260909";"Cafe De Zaak";"NL01INGB0001234567";"";"GT";"Af";"36,38";"Betaalautomaat";"";"";""
"20260906";"Restaurant Lalibela";"NL01INGB0001234567";"";"GT";"Af";"44,53";"Betaalautomaat";"";"";""
"20260908";"Starbucks Utrecht";"NL01INGB0001234567";"";"GT";"Af";"22,61";"Betaalautomaat";"";"";""
"20260918";"Zalando SE";"NL01INGB0001234567";"";"GT";"Af";"53,63";"Online bankieren";"";"";""
"20260903";"HEMA";"NL01INGB0001234567";"";"GT";"Af";"84,56";"Online bankieren";"";"";""
"20260923";"Coolblue";"NL01INGB0001234567";"";"GT";"Af";"97,39";"Online bankieren";"";"";""
"20260910";"NS GROEP IZ NS REIZIGERS";"NL01INGB0001234567";"";"GT";"Af";"96,40";"Incasso";"OV";"";""
"20260912";"Shell Utrecht";"NL01INGB0001234567";"";"GT";"Af";"68,62";"Betaalautomaat";"";"";""
"20260918";"Tikkie";"NL01INGB0001234567";"";"GT";"Bij";"22,50";"Overschrijving";"Tikkie etentje";"";""
"20261002";"Albert Heijn 1234";"NL01INGB0001234567";"";"BA";"Af";"24,10";"Betaalautomaat";"";"";""