Action,Time,ISIN,Ticker,Name,No. of shares,Price / share,Currency (Price / share),Exchange rate,Result,Currency (Result),Total,Currency (Total),Withholding tax,Currency (Withholding tax),Notes,ID,Currency conversion fee,Currency (Currency conversion fee)
Deposit,2025-01-03 09:00:00,,,,,,,,,,5000.00,EUR,,,,D1,,
Market buy,2025-01-05 10:15:00,IE00BK5BQT80,VWRA,Vanguard FTSE All-World (Acc),2.515091,99.40,EUR,1.00,,EUR,250.00,EUR,,,,EOF2,,
Market buy,2025-01-05 10:15:00,US67066G1040,NVDA,NVIDIA,0.955752,113.00,USD,1.08,,EUR,100.00,EUR,,,,EOF3,,
Market buy,2025-02-05 10:15:00,IE00BK5BQT80,VWRA,Vanguard FTSE All-World (Acc),2.480159,100.80,EUR,1.00,,EUR,250.00,EUR,,,,EOF4,,
Market buy,2025-02-05 10:15:00,US67066G1040,NVDA,NVIDIA,0.931034,116.00,USD,1.08,,EUR,100.00,EUR,,,,EOF5,,
Market buy,2025-03-05 10:15:00,IE00BK5BQT80,VWRA,Vanguard FTSE All-World (Acc),2.446184,102.20,EUR,1.00,,EUR,250.00,EUR,,,,EOF6,,
Market buy,2025-03-05 10:15:00,US67066G1040,NVDA,NVIDIA,0.907563,119.00,USD,1.08,,EUR,100.00,EUR,,,,EOF7,,
Market buy,2025-04-05 10:15:00,IE00BK5BQT80,VWRA,Vanguard FTSE All-World (Acc),2.413127,103.60,EUR,1.00,,EUR,250.00,EUR,,,,EOF8,,
Market buy,2025-04-05 10:15:00,US67066G1040,NVDA,NVIDIA,0.885246,122.00,USD,1.08,,EUR,100.00,EUR,,,,EOF9,,
Market buy,2025-05-05 10:15:00,IE00BK5BQT80,VWRA,Vanguard FTSE All-World (Acc),2.380952,105.00,EUR,1.00,,EUR,250.00,EUR,,,,EOF10,,
Market buy,2025-05-05 10:15:00,US67066G1040,NVDA,NVIDIA,0.864000,125.00,USD,1.08,,EUR,100.00,EUR,,,,EOF11,,
Market buy,2025-06-05 10:15:00,IE00BK5BQT80,VWRA,Vanguard FTSE All-World (Acc),2.349624,106.40,EUR,1.00,,EUR,250.00,EUR,,,,EOF12,,
Market buy,2025-06-05 10:15:00,US67066G1040,NVDA,NVIDIA,0.843750,128.00,USD,1.08,,EUR,100.00,EUR,,,,EOF13,,
Market buy,2025-07-05 10:15:00,IE00BK5BQT80,VWRA,Vanguard FTSE All-World (Acc),2.319109,107.80,EUR,1.00,,EUR,250.00,EUR,,,,EOF14,,
Market buy,2025-07-05 10:15:00,US67066G1040,NVDA,NVIDIA,0.824427,131.00,USD,1.08,,EUR,100.00,EUR,,,,EOF15,,
Market buy,2025-08-05 10:15:00,IE00BK5BQT80,VWRA,Vanguard FTSE All-World (Acc),2.289377,109.20,EUR,1.00,,EUR,250.00,EUR,,,,EOF16,,
Market buy,2025-08-05 10:15:00,US67066G1040,NVDA,NVIDIA,0.805970,134.00,USD,1.08,,EUR,100.00,EUR,,,,EOF17,,
Market buy,2025-09-05 10:15:00,IE00BK5BQT80,VWRA,Vanguard FTSE All-World (Acc),2.260398,110.60,EUR,1.00,,EUR,250.00,EUR,,,,EOF18,,
Market buy,2025-09-05 10:15:00,US67066G1040,NVDA,NVIDIA,0.788321,137.00,USD,1.08,,EUR,100.00,EUR,,,,EOF19,,
Market buy,2025-10-05 10:15:00,IE00BK5BQT80,VWRA,Vanguard FTSE All-World (Acc),2.232143,112.00,EUR,1.00,,EUR,250.00,EUR,,,,EOF20,,
Market buy,2025-10-05 10:15:00,US67066G1040,NVDA,NVIDIA,0.771429,140.00,USD,1.08,,EUR,100.00,EUR,,,,EOF21,,
Market buy,2025-11-05 10:15:00,IE00BK5BQT80,VWRA,Vanguard FTSE All-World (Acc),2.204586,113.40,EUR,1.00,,EUR,250.00,EUR,,,,EOF22,,
Market buy,2025-11-05 10:15:00,US67066G1040,NVDA,NVIDIA,0.755245,143.00,USD,1.08,,EUR,100.00,EUR,,,,EOF23,,
Market buy,2025-12-05 10:15:00,IE00BK5BQT80,VWRA,Vanguard FTSE All-World (Acc),2.177700,114.80,EUR,1.00,,EUR,250.00,EUR,,,,EOF24,,
Market buy,2025-12-05 10:15:00,US67066G1040,NVDA,NVIDIA,0.739726,146.00,USD,1.08,,EUR,100.00,EUR,,,,EOF25,,
Market buy,2026-01-05 10:15:00,IE00BK5BQT80,VWRA,Vanguard FTSE All-World (Acc),2.151463,116.20,EUR,1.00,,EUR,250.00,EUR,,,,EOF26,,
Market buy,2026-01-05 10:15:00,US67066G1040,NVDA,NVIDIA,0.724832,149.00,USD,1.08,,EUR,100.00,EUR,,,,EOF27,,
Market buy,2026-02-05 10:15:00,IE00BK5BQT80,VWRA,Vanguard FTSE All-World (Acc),2.125850,117.60,EUR,1.00,,EUR,250.00,EUR,,,,EOF28,,
Market buy,2026-02-05 10:15:00,US67066G1040,NVDA,NVIDIA,0.710526,152.00,USD,1.08,,EUR,100.00,EUR,,,,EOF29,,
Market buy,2026-03-05 10:15:00,IE00BK5BQT80,VWRA,Vanguard FTSE All-World (Acc),2.100840,119.00,EUR,1.00,,EUR,250.00,EUR,,,,EOF30,,
Market buy,2026-03-05 10:15:00,US67066G1040,NVDA,NVIDIA,0.696774,155.00,USD,1.08,,EUR,100.00,EUR,,,,EOF31,,
Market buy,2026-04-05 10:15:00,IE00BK5BQT80,VWRA,Vanguard FTSE All-World (Acc),2.076412,120.40,EUR,1.00,,EUR,250.00,EUR,,,,EOF32,,
Market buy,2026-04-05 10:15:00,US67066G1040,NVDA,NVIDIA,0.683544,158.00,USD,1.08,,EUR,100.00,EUR,,,,EOF33,,
Market buy,2026-05-05 10:15:00,IE00BK5BQT80,VWRA,Vanguard FTSE All-World (Acc),2.052545,121.80,EUR,1.00,,EUR,250.00,EUR,,,,EOF34,,
Market buy,2026-05-05 10:15:00,US67066G1040,NVDA,NVIDIA,0.670807,161.00,USD,1.08,,EUR,100.00,EUR,,,,EOF35,,
Market buy,2026-06-05 10:15:00,IE00BK5BQT80,VWRA,Vanguard FTSE All-World (Acc),2.029221,123.20,EUR,1.00,,EUR,250.00,EUR,,,,EOF36,,
Market buy,2026-06-05 10:15:00,US67066G1040,NVDA,NVIDIA,0.658537,164.00,USD,1.08,,EUR,100.00,EUR,,,,EOF37,,
Market buy,2026-07-05 10:15:00,IE00BK5BQT80,VWRA,Vanguard FTSE All-World (Acc),2.006421,124.60,EUR,1.00,,EUR,250.00,EUR,,,,EOF38,,
Market buy,2026-07-05 10:15:00,US67066G1040,NVDA,NVIDIA,0.646707,167.00,USD,1.08,,EUR,100.00,EUR,,,,EOF39,,
Market buy,2026-08-05 10:15:00,IE00BK5BQT80,VWRA,Vanguard FTSE All-World (Acc),1.984127,126.00,EUR,1.00,,EUR,250.00,EUR,,,,EOF40,,
Market buy,2026-08-05 10:15:00,US67066G1040,NVDA,NVIDIA,0.635294,170.00,USD,1.08,,EUR,100.00,EUR,,,,EOF41,,
Market buy,2026-09-05 10:15:00,IE00BK5BQT80,VWRA,Vanguard FTSE All-World (Acc),1.962323,127.40,EUR,1.00,,EUR,250.00,EUR,,,,EOF42,,
Market buy,2026-09-05 10:15:00,US67066G1040,NVDA,NVIDIA,0.624277,173.00,USD,1.08,,EUR,100.00,EUR,,,,EOF43,,
Market buy,2025-03-11 15:30:00,US0378331005,AAPL,Apple,3,210.50,USD,1.0850,,EUR,582.03,EUR,,,,EOF44,,
Market sell,2026-02-11 15:30:00,US0378331005,AAPL,Apple,1,245.10,USD,1.0800,,EUR,226.94,EUR,,,,EOF45,,
Market buy,2025-06-02 09:30:00,NL0010273215,ASML,ASML Holding,2,640.00,EUR,1.00,,EUR,1280.00,EUR,,,,EOF46,,
Dividend (Dividend),2026-05-08 08:00:00,NL0010273215,ASML,ASML Holding,2,1.84,EUR,1.00,,,3.13,EUR,0.55,EUR,,DV1,,
Interest on cash,2026-06-30 00:00:00,,,,,,,,,,4.21,EUR,,,,I1,,